{
  "paused": true,
  "ts": 1769531977.7234335,
  "in_control_window": true,
  "control_remaining_s": 119.80638146400452,
  "owner": "",
  "in_use": false
}